Name,Project,Type,Duration (in seconds),Pauses (in seconds),Duration (in minutes),Pauses (in minutes),
"Planning","Daily",partialFocus,276.0,0.0,4.6,0.0,2025-01-31 23:35:00,2025-01-31 23:39:36,
"CS50x","Learn_Coding",fullFocus,3816.0,0.0,63.6,0.0,2025-01-31 22:31:04,2025-01-31 23:34:40,
"Keyboard","General",partialFocus,8602.0,0.0,143.36666666666667,0.0,2025-01-31 20:07:29,2025-01-31 22:30:51,
"CS50x","Learn_Coding",partialFocus,2207.0,0.0,36.78333333333333,0.0,2025-01-31 19:30:36,2025-01-31 20:07:23,
"CS50x","General",rest,555.0,0.0,9.25,0.0,2025-01-31 19:21:20,2025-01-31 19:30:35,
"CS50x","Learn_Coding",partialFocus,1835.0,0.0,30.583333333333332,0.0,2025-01-31 18:50:43,2025-01-31 19:21:18,
"CS50x","General",rest,5613.0,0.0,93.55,0.0,2025-01-31 17:17:10,2025-01-31 18:50:43,
"CS50x","Learn_Coding",partialFocus,860.0,0.0,14.333333333333334,0.0,2025-01-31 17:02:47,2025-01-31 17:17:07,
"CS50x","General",rest,192.0,0.0,3.2,0.0,2025-01-31 16:59:35,2025-01-31 17:02:47,
"CS50x","Learn_Coding",partialFocus,2353.0,0.0,39.21666666666667,0.0,2025-01-31 16:20:21,2025-01-31 16:59:34,
"CS50x","General",rest,360.0,0.0,6.0,0.0,2025-01-31 16:14:21,2025-01-31 16:20:21,
"CS50x","Learn_Coding",partialFocus,2742.0,0.0,45.7,0.0,2025-01-31 15:28:37,2025-01-31 16:14:19,
"CS50x","General",rest,252.0,0.0,4.2,0.0,2025-01-31 15:24:25,2025-01-31 15:28:37,
"CS50x","Learn_Coding",partialFocus,1821.0,0.0,30.35,0.0,2025-01-31 14:54:00,2025-01-31 15:24:21,
"CS50x","General",rest,304.0,0.0,5.066666666666666,0.0,2025-01-31 14:48:56,2025-01-31 14:54:00,
"CS50x","Learn_Coding",fullFocus,6738.0,0.0,112.3,0.0,2025-01-31 12:56:22,2025-01-31 14:48:40,
"CS50x","General",rest,1179.0,0.0,19.65,0.0,2025-01-31 12:36:43,2025-01-31 12:56:22,
"CS50x","Learn_Coding",fullFocus,2640.0,0.0,44.0,0.0,2025-01-31 11:52:38,2025-01-31 12:36:38,
"CS50x","General",rest,186.0,0.0,3.1,0.0,2025-01-31 11:49:32,2025-01-31 11:52:38,
"CS50x","Learn_Coding",fullFocus,3133.0,0.0,52.21666666666667,0.0,2025-01-31 10:57:13,2025-01-31 11:49:26,
"CS50x","General",rest,195.0,0.0,3.25,0.0,2025-01-31 10:53:58,2025-01-31 10:57:13,
"CS50x","Learn_Coding",partialFocus,4078.0,0.0,67.96666666666667,0.0,2025-01-31 09:45:57,2025-01-31 10:53:55,
"CS50x","General",rest,194.0,0.0,3.2333333333333334,0.0,2025-01-31 09:42:43,2025-01-31 09:45:57,
"CS50x","Learn_Coding",partialFocus,2189.0,0.0,36.483333333333334,0.0,2025-01-31 09:06:12,2025-01-31 09:42:41,
"CS50x","General",rest,220.0,0.0,3.6666666666666665,0.0,2025-01-31 09:02:32,2025-01-31 09:06:12,
"CS50x","Learn_Coding",partialFocus,1745.0,0.0,29.083333333333332,0.0,2025-01-31 08:33:19,2025-01-31 09:02:24,
"Keyboard","General",partialFocus,1253.0,0.0,20.883333333333333,0.0,2025-01-31 08:12:22,2025-01-31 08:33:15,
"Keyboard","General",partialFocus,344.0,0.0,5.733333333333333,0.0,2025-01-30 23:49:04,2025-01-30 23:54:48,
"Planning","Daily",partialFocus,213.0,0.0,3.55,0.0,2025-01-30 23:45:26,2025-01-30 23:48:59,
"Small low focus","Other",partialFocus,1859.0,0.0,30.983333333333334,0.0,2025-01-30 23:14:13,2025-01-30 23:45:12,
"Keyboard","General",partialFocus,1410.0,0.0,23.5,0.0,2025-01-30 22:50:41,2025-01-30 23:14:11,
"LBF longevity 101","General",rest,430.0,0.0,7.166666666666667,0.0,2025-01-30 22:43:31,2025-01-30 22:50:41,
"LBF longevity 101","Immortality",partialFocus,3115.0,0.0,51.916666666666664,0.0,2025-01-30 21:51:33,2025-01-30 22:43:28,
"LBF longevity 101","General",rest,1634.0,0.0,27.233333333333334,0.0,2025-01-30 21:24:19,2025-01-30 21:51:33,
"LBF longevity 101","Immortality",partialFocus,5051.0,0.0,84.18333333333334,0.0,2025-01-30 20:00:06,2025-01-30 21:24:17,
"CS50x","Learn_Coding",partialFocus,1257.0,0.0,20.95,0.0,2025-01-30 19:38:47,2025-01-30 19:59:44,
"CS50x","General",rest,781.0,0.0,13.016666666666667,0.0,2025-01-30 19:25:46,2025-01-30 19:38:47,
"CS50x","Learn_Coding",partialFocus,688.0,0.0,11.466666666666667,0.0,2025-01-30 19:14:15,2025-01-30 19:25:43,
"CS50x","General",rest,7200.0,0.0,120.0,0.0,2025-01-30 15:31:18,2025-01-30 17:31:18,
"CS50x","Learn_Coding",partialFocus,3716.0,0.0,61.93333333333333,0.0,2025-01-30 14:29:19,2025-01-30 15:31:15,
"CS50x","General",rest,278.0,0.0,4.633333333333334,0.0,2025-01-30 14:24:41,2025-01-30 14:29:19,
"CS50x","Learn_Coding",partialFocus,6861.0,0.0,114.35,0.0,2025-01-30 12:30:19,2025-01-30 14:24:40,
"CS50x","General",rest,300.0,0.0,5.0,0.0,2025-01-30 12:25:19,2025-01-30 12:30:19,
"CS50x","Learn_Coding",partialFocus,2481.0,0.0,41.35,0.0,2025-01-30 11:43:56,2025-01-30 12:25:17,
"LBF longevity 101","General",rest,205.0,0.0,3.4166666666666665,0.0,2025-01-30 11:40:31,2025-01-30 11:43:56,
"LBF longevity 101","Immortality",partialFocus,5430.0,0.0,90.5,0.0,2025-01-30 10:09:59,2025-01-30 11:40:29,
"LBF longevity 101","General",rest,199.0,0.0,3.316666666666667,0.0,2025-01-30 10:06:40,2025-01-30 10:09:59,
"LBF longevity 101","Immortality",partialFocus,5448.0,0.0,90.8,0.0,2025-01-30 08:35:44,2025-01-30 10:06:32,
"Planning","General",rest,7200.0,0.0,120.0,0.0,2025-01-29 23:38:16,2025-01-30 01:38:16,
"Planning","Daily",partialFocus,238.0,0.0,3.966666666666667,0.0,2025-01-29 23:34:16,2025-01-29 23:38:14,
"LBF longevity 101","Immortality",partialFocus,5730.0,0.0,95.5,0.0,2025-01-29 21:58:33,2025-01-29 23:34:03,
"LBF longevity 101","General",rest,942.0,0.0,15.7,0.0,2025-01-29 21:42:51,2025-01-29 21:58:33,
"LBF longevity 101","Immortality",partialFocus,4069.0,0.0,67.81666666666666,0.0,2025-01-29 20:34:59,2025-01-29 21:42:48,
"CS50x","General",rest,826.0,0.0,13.766666666666667,0.0,2025-01-29 20:21:13,2025-01-29 20:34:59,
"CS50x","Learn_Coding",partialFocus,3325.0,0.0,55.416666666666664,0.0,2025-01-29 19:25:46,2025-01-29 20:21:11,
"CS50x","General",rest,7200.0,0.0,120.0,0.0,2025-01-29 17:04:31,2025-01-29 19:04:31,
"CS50x","Learn_Coding",partialFocus,2014.0,0.0,33.56666666666667,0.0,2025-01-29 16:30:54,2025-01-29 17:04:28,
"CS50x","General",rest,252.0,0.0,4.2,0.0,2025-01-29 16:26:42,2025-01-29 16:30:54,
"CS50x","Learn_Coding",fullFocus,3775.0,0.0,62.916666666666664,0.0,2025-01-29 15:23:40,2025-01-29 16:26:35,
"CS50x","General",rest,202.0,0.0,3.3666666666666667,0.0,2025-01-29 15:20:18,2025-01-29 15:23:40,
"CS50x","Learn_Coding",fullFocus,3591.0,0.0,59.85,0.0,2025-01-29 14:20:21,2025-01-29 15:20:12,
"CS50x","General",rest,947.0,0.0,15.783333333333333,0.0,2025-01-29 14:04:34,2025-01-29 14:20:21,
"CS50x","Learn_Coding",partialFocus,4891.0,0.0,81.51666666666667,0.0,2025-01-29 12:43:00,2025-01-29 14:04:31,
"CS50x","General",rest,886.0,0.0,14.766666666666667,0.0,2025-01-29 12:28:14,2025-01-29 12:43:00,
"CS50x","Learn_Coding",partialFocus,1869.0,0.0,31.15,0.0,2025-01-29 11:57:02,2025-01-29 12:28:11,
"Working on Battleplan","Immortality",partialFocus,3910.0,0.0,65.16666666666667,0.0,2025-01-29 10:51:09,2025-01-29 11:56:19,
"Sort ideas","General",rest,132.0,0.0,2.2,0.0,2025-01-29 10:48:57,2025-01-29 10:51:09,
"Sort ideas","Immortality",partialFocus,2525.0,0.0,42.083333333333336,0.0,2025-01-29 10:06:49,2025-01-29 10:48:54,
"CS50x","General",rest,569.0,0.0,9.483333333333333,0.0,2025-01-29 09:57:20,2025-01-29 10:06:49,
"CS50x","Learn_Coding",fullFocus,5592.0,0.0,93.2,0.0,2025-01-29 08:24:01,2025-01-29 09:57:13,
"CS50x","General",rest,7200.0,0.0,120.0,0.0,2025-01-28 23:42:06,2025-01-29 01:42:06,
"Planning","Daily",partialFocus,222.0,0.0,3.7,0.0,2025-01-28 23:38:21,2025-01-28 23:42:03,
"CS50x","Learn_Coding",partialFocus,5148.0,0.0,85.8,0.0,2025-01-28 22:12:20,2025-01-28 23:38:08,
"CS50x","General",rest,566.0,0.0,9.433333333333334,0.0,2025-01-28 22:02:54,2025-01-28 22:12:20,
"CS50x","Learn_Coding",partialFocus,1573.0,0.0,26.216666666666665,0.0,2025-01-28 21:36:37,2025-01-28 22:02:50,
"CS50x","General",rest,786.0,0.0,13.1,0.0,2025-01-28 21:23:31,2025-01-28 21:36:37,
"CS50x","Learn_Coding",partialFocus,4059.0,0.0,67.65,0.0,2025-01-28 20:15:49,2025-01-28 21:23:28,
"CS50x","Learn_Coding",partialFocus,6372.0,0.0,106.2,0.0,2025-01-28 16:04:24,2025-01-28 17:50:36,
"CS50x","General",rest,1331.0,0.0,22.183333333333334,0.0,2025-01-28 15:42:13,2025-01-28 16:04:24,
"CS50x","Learn_Coding",fullFocus,3559.0,0.0,59.31666666666667,0.0,2025-01-28 14:42:25,2025-01-28 15:41:44,
"CS50x","General",rest,505.0,0.0,8.416666666666666,0.0,2025-01-28 14:41:00,2025-01-28 14:49:25,
"CS50x","Learn_Coding",partialFocus,7118.0,0.0,118.63333333333334,0.0,2025-01-28 12:42:20,2025-01-28 14:40:58,
"CS50x","General",rest,292.0,0.0,4.866666666666666,0.0,2025-01-28 12:37:28,2025-01-28 12:42:20,
"CS50x","Learn_Coding",partialFocus,4298.0,0.0,71.63333333333334,0.0,2025-01-28 11:25:48,2025-01-28 12:37:26,
"Inbox","Inbox",partialFocus,1044.0,0.0,17.4,0.0,2025-01-28 11:08:18,2025-01-28 11:25:42,
"CS50x","General",rest,1230.0,0.0,20.5,0.0,2025-01-28 10:47:48,2025-01-28 11:08:18,
"CS50x","Learn_Coding",partialFocus,1370.0,0.0,22.833333333333332,0.0,2025-01-28 10:24:56,2025-01-28 10:47:46,
"CS50x","General",rest,167.0,0.0,2.783333333333333,0.0,2025-01-28 10:22:09,2025-01-28 10:24:56,
"CS50x","Learn_Coding",partialFocus,1830.0,0.0,30.5,0.0,2025-01-28 09:51:37,2025-01-28 10:22:07,
"CS50x","General",rest,191.0,0.0,3.183333333333333,0.0,2025-01-28 09:48:26,2025-01-28 09:51:37,
"CS50x","Learn_Coding",partialFocus,4393.0,0.0,73.21666666666667,0.0,2025-01-28 08:35:10,2025-01-28 09:48:23,
"Planning","Daily",partialFocus,1317.0,0.0,21.95,0.0,2025-01-27 23:26:37,2025-01-27 23:48:34,
"Keyboard","General",partialFocus,3068.0,0.0,51.13333333333333,0.0,2025-01-27 22:35:14,2025-01-27 23:26:22,
"Longevity Medicine 101 course","Immortality",partialFocus,2370.0,0.0,39.5,0.0,2025-01-27 21:55:19,2025-01-27 22:34:49,
"CS50x","Learn_Coding",partialFocus,4824.0,0.0,80.4,0.0,2025-01-27 20:34:45,2025-01-27 21:55:09,
"CS50x","General",rest,7200.0,0.0,120.0,0.0,2025-01-27 15:49:01,2025-01-27 17:49:01,
"CS50x","Learn_Coding",partialFocus,360.0,0.0,6.0,0.0,2025-01-27 15:42:58,2025-01-27 15:48:58,
"CS50x","General",rest,132.0,0.0,2.2,0.0,2025-01-27 15:40:46,2025-01-27 15:42:58,
"CS50x","Learn_Coding",partialFocus,1546.0,0.0,25.766666666666666,0.0,2025-01-27 15:14:47,2025-01-27 15:40:33,
"Longevity Medicine 101 course","Immortality",partialFocus,6798.0,0.0,113.3,0.0,2025-01-27 13:21:22,2025-01-27 15:14:40,
"Longevity Medicine 101 course","General",rest,830.0,0.0,13.833333333333334,0.0,2025-01-27 13:07:32,2025-01-27 13:21:22,
"Longevity Medicine 101 course","Immortality",partialFocus,3381.0,0.0,56.35,0.0,2025-01-27 12:11:07,2025-01-27 13:07:28,
"Longevity Medicine 101 course","General",rest,219.0,0.0,3.65,0.0,2025-01-27 12:07:28,2025-01-27 12:11:07,
"Longevity Medicine 101 course","Immortality",partialFocus,2373.0,0.0,39.55,0.0,2025-01-27 11:27:53,2025-01-27 12:07:26,
"Longevity Medicine 101 course","General",rest,258.0,0.0,4.3,0.0,2025-01-27 11:23:35,2025-01-27 11:27:53,
"Longevity Medicine 101 course","Immortality",partialFocus,2326.0,0.0,38.766666666666666,0.0,2025-01-27 10:44:44,2025-01-27 11:23:30,
"Longevity Medicine 101 course","General",rest,471.0,0.0,7.85,0.0,2025-01-27 10:36:53,2025-01-27 10:44:44,
"Longevity Medicine 101 course","Immortality",partialFocus,3931.0,0.0,65.51666666666667,0.0,2025-01-27 09:31:20,2025-01-27 10:36:51,
"Longevity Medicine 101 course","General",rest,178.0,0.0,2.966666666666667,0.0,2025-01-27 09:28:22,2025-01-27 09:31:20,
"Longevity Medicine 101 course","Immortality",partialFocus,2756.0,0.0,45.93333333333333,0.0,2025-01-27 08:42:23,2025-01-27 09:28:19,
"Keyboard","General",partialFocus,1313.0,0.0,21.883333333333333,0.0,2025-01-27 08:20:25,2025-01-27 08:42:18,
"Planning","Daily",partialFocus,195.0,0.0,3.25,0.0,2025-01-26 23:38:26,2025-01-26 23:41:41,
"Shortcuts","Optimization",partialFocus,1757.0,0.0,29.283333333333335,0.0,2025-01-26 23:09:01,2025-01-26 23:38:18,
"Shortcuts","General",rest,546.0,0.0,9.1,0.0,2025-01-26 22:59:55,2025-01-26 23:09:01,
"Shortcuts","Optimization",partialFocus,5283.0,0.0,88.05,0.0,2025-01-26 21:31:51,2025-01-26 22:59:54,
"Shortcuts","General",rest,356.0,0.0,5.933333333333334,0.0,2025-01-26 21:25:55,2025-01-26 21:31:51,
"Longevity Medicine 101 course","Immortality",partialFocus,3237.0,0.0,53.95,0.0,2025-01-26 20:31:57,2025-01-26 21:25:54,
"Longevity Medicine 101 course","General",rest,639.0,0.0,10.65,0.0,2025-01-26 20:21:18,2025-01-26 20:31:57,
"Longevity Medicine 101 course","Immortality",partialFocus,3834.0,0.0,63.9,0.0,2025-01-26 19:17:23,2025-01-26 20:21:17,
"CS50x","Learn_Coding",partialFocus,1530.0,0.0,25.5,0.0,2025-01-26 18:50:54,2025-01-26 19:16:24,
"CS50x","General",rest,7200.0,0.0,120.0,0.0,2025-01-26 16:47:24,2025-01-26 18:47:24,
"CS50x","Learn_Coding",partialFocus,2360.0,0.0,39.333333333333336,0.0,2025-01-26 16:08:01,2025-01-26 16:47:21,
"CS50x","General",rest,506.0,0.0,8.433333333333334,0.0,2025-01-26 15:59:35,2025-01-26 16:08:01,
"CS50x","Learn_Coding",partialFocus,5419.0,0.0,90.31666666666666,0.0,2025-01-26 14:29:13,2025-01-26 15:59:32,
"CS50x","General",rest,1106.0,0.0,18.433333333333334,0.0,2025-01-26 14:10:47,2025-01-26 14:29:13,
"CS50x","Learn_Coding",partialFocus,2786.0,0.0,46.43333333333333,0.0,2025-01-26 13:24:05,2025-01-26 14:10:31,
"CS50x","General",rest,1064.0,0.0,17.733333333333334,0.0,2025-01-26 13:06:21,2025-01-26 13:24:05,
"CS50x","Learn_Coding",partialFocus,5882.0,0.0,98.03333333333333,0.0,2025-01-26 11:28:16,2025-01-26 13:06:18,
"CS50x","General",rest,74.0,0.0,1.2333333333333334,0.0,2025-01-26 11:27:02,2025-01-26 11:28:16,
"Longevity Medicine 101 course","Immortality",partialFocus,1550.0,0.0,25.833333333333332,0.0,2025-01-26 11:01:10,2025-01-26 11:27:00,
"Longevity Medicine 101 course","General",rest,1233.0,0.0,20.55,0.0,2025-01-26 10:40:37,2025-01-26 11:01:10,
"Longevity Medicine 101 course","Immortality",partialFocus,8721.0,0.0,145.35,0.0,2025-01-26 08:15:13,2025-01-26 10:40:34,
"Planning","General",rest,7200.0,0.0,120.0,0.0,2025-01-25 23:57:37,2025-01-26 01:57:37,
"Planning","Daily",partialFocus,706.0,0.0,11.766666666666667,0.0,2025-01-25 23:45:50,2025-01-25 23:57:36,
"Longevity Medicine 101 course","Immortality",partialFocus,516.0,0.0,8.6,0.0,2025-01-25 23:37:09,2025-01-25 23:45:45,
"Longevity Medicine 101 course","General",rest,781.0,0.0,13.016666666666667,0.0,2025-01-25 23:24:08,2025-01-25 23:37:09,
"Longevity Medicine 101 course","Immortality",partialFocus,3443.0,0.0,57.38333333333333,0.0,2025-01-25 22:26:43,2025-01-25 23:24:06,
"CS50x","General",rest,623.0,0.0,10.383333333333333,0.0,2025-01-25 22:16:20,2025-01-25 22:26:43,
"CS50x","Learn_Coding",partialFocus,10112.0,0.0,168.53333333333333,0.0,2025-01-25 19:27:15,2025-01-25 22:15:47,
"CS50x","General",rest,7200.0,0.0,120.0,0.0,2025-01-25 16:55:34,2025-01-25 18:55:34,
"CS50x","Learn_Coding",partialFocus,3276.0,0.0,54.6,0.0,2025-01-25 16:00:43,2025-01-25 16:55:19,
"CS50x","General",rest,296.0,0.0,4.933333333333334,0.0,2025-01-25 15:55:47,2025-01-25 16:00:43,
"CS50x","Learn_Coding",fullFocus,3139.0,0.0,52.31666666666667,0.0,2025-01-25 15:03:15,2025-01-25 15:55:34,
"Cleaning Mac","Optimization",partialFocus,3692.0,0.0,61.53333333333333,0.0,2025-01-25 14:01:26,2025-01-25 15:02:58,
"CS50x","Learn_Coding",partialFocus,6682.0,0.0,111.36666666666666,0.0,2025-01-25 12:09:23,2025-01-25 14:00:45,
"CS50x","General",rest,6506.0,0.0,108.43333333333334,0.0,2025-01-25 10:20:57,2025-01-25 12:09:23,
"CS50x","Learn_Coding",partialFocus,6344.0,0.0,105.73333333333333,0.0,2025-01-25 08:35:07,2025-01-25 10:20:51,
"Planning","General",rest,7200.0,0.0,120.0,0.0,2025-01-24 23:54:08,2025-01-25 01:54:08,
"Planning","Daily",partialFocus,261.0,0.0,4.35,0.0,2025-01-24 23:49:42,2025-01-24 23:54:03,
"Collecting information","Immortality",partialFocus,3474.0,0.0,57.9,0.0,2025-01-24 22:51:42,2025-01-24 23:49:36,
"LBF roadmap","Immortality",partialFocus,5583.0,0.0,93.05,0.0,2025-01-24 21:18:18,2025-01-24 22:51:21,
"LBF roadmap","General",rest,801.0,0.0,13.35,0.0,2025-01-24 21:04:57,2025-01-24 21:18:18,
"LBF roadmap","Immortality",endEarly,5603.0,0.0,93.38333333333334,0.0,2025-01-24 19:31:18,2025-01-24 21:04:41,
"LBF roadmap","General",rest,596.0,0.0,9.933333333333334,0.0,2025-01-24 19:21:22,2025-01-24 19:31:18,
"LBF roadmap","Immortality",partialFocus,3070.0,0.0,51.166666666666664,0.0,2025-01-24 18:30:09,2025-01-24 19:21:19,
"LBF roadmap","General",rest,5746.0,0.0,95.76666666666667,0.0,2025-01-24 16:54:23,2025-01-24 18:30:09,
"LBF roadmap","Immortality",partialFocus,1151.0,0.0,19.183333333333334,0.0,2025-01-24 16:35:11,2025-01-24 16:54:22,
"LBF roadmap","General",rest,154.0,0.0,2.566666666666667,0.0,2025-01-24 16:32:37,2025-01-24 16:35:11,
"LBF roadmap","Immortality",partialFocus,2876.0,0.0,47.93333333333333,0.0,2025-01-24 15:44:38,2025-01-24 16:32:34,
"LBF roadmap","General",rest,203.0,0.0,3.3833333333333333,0.0,2025-01-24 15:41:15,2025-01-24 15:44:38,
"LBF roadmap","Immortality",partialFocus,1905.0,0.0,31.75,0.0,2025-01-24 15:09:29,2025-01-24 15:41:14,
"LBF roadmap","General",rest,501.0,0.0,8.35,0.0,2025-01-24 15:04:08,2025-01-24 15:12:29,
"LBF roadmap","Immortality",partialFocus,2088.0,0.0,34.8,0.0,2025-01-24 14:29:18,2025-01-24 15:04:06,
"LBF roadmap","General",rest,1132.0,0.0,18.866666666666667,0.0,2025-01-24 14:10:26,2025-01-24 14:29:18,
"LBF roadmap","Immortality",partialFocus,2677.0,0.0,44.61666666666667,0.0,2025-01-24 13:25:47,2025-01-24 14:10:24,
"LBF roadmap","General",rest,874.0,0.0,14.566666666666666,0.0,2025-01-24 13:11:13,2025-01-24 13:25:47,
"LBF roadmap","Immortality",partialFocus,552.0,0.0,9.2,0.0,2025-01-24 13:01:57,2025-01-24 13:11:09,
"CS50x","Learn_Coding",partialFocus,1035.0,0.0,17.25,0.0,2025-01-24 12:44:02,2025-01-24 13:01:17,
"CS50x","General",rest,230.0,0.0,3.8333333333333335,0.0,2025-01-24 12:40:12,2025-01-24 12:44:02,
"CS50x","Learn_Coding",partialFocus,4611.0,0.0,76.85,0.0,2025-01-24 11:23:12,2025-01-24 12:40:03,
"Shortcuts","General",rest,547.0,0.0,9.116666666666667,0.0,2025-01-24 11:14:05,2025-01-24 11:23:12,
"Shortcuts","Optimization",partialFocus,513.0,0.0,8.55,0.0,2025-01-24 11:05:25,2025-01-24 11:13:58,
"CS50x","Learn_Coding",fullFocus,2620.0,0.0,43.666666666666664,0.0,2025-01-24 10:21:32,2025-01-24 11:05:12,
"CS50x","General",rest,182.0,0.0,3.033333333333333,0.0,2025-01-24 10:18:30,2025-01-24 10:21:32,
"CS50x","Learn_Coding",fullFocus,5349.0,0.0,89.15,0.0,2025-01-24 08:49:14,2025-01-24 10:18:23,
"Planning","General",rest,7200.0,0.0,120.0,0.0,2025-01-23 23:43:01,2025-01-24 01:43:01,
"Planning","Daily",partialFocus,379.0,0.0,6.316666666666666,0.0,2025-01-23 23:36:40,2025-01-23 23:42:59,
"Passwords","Optimization",partialFocus,882.0,0.0,14.7,0.0,2025-01-23 23:14:05,2025-01-23 23:28:47,
"Shortcuts","Optimization",partialFocus,5117.0,0.0,85.28333333333333,0.0,2025-01-23 21:48:32,2025-01-23 23:13:49,
"LBF roadmap","Immortality",partialFocus,4549.0,0.0,75.81666666666666,0.0,2025-01-23 20:32:27,2025-01-23 21:48:16,
"LBF roadmap","General",rest,7200.0,0.0,120.0,0.0,2025-01-23 17:33:23,2025-01-23 19:33:23,
"LBF roadmap","Immortality",partialFocus,988.0,0.0,16.466666666666665,0.0,2025-01-23 17:16:38,2025-01-23 17:33:06,
"LBF roadmap","General",rest,7014.0,0.0,116.9,0.0,2025-01-23 15:19:44,2025-01-23 17:16:38,
"LBF roadmap","Immortality",partialFocus,2370.0,0.0,39.5,0.0,2025-01-23 14:40:10,2025-01-23 15:19:40,
"LBF roadmap","General",rest,377.0,0.0,6.283333333333333,0.0,2025-01-23 14:33:53,2025-01-23 14:40:10,
"LBF roadmap","Immortality",partialFocus,2388.0,0.0,39.8,0.0,2025-01-23 13:54:03,2025-01-23 14:33:51,
"LBF roadmap","Immortality",partialFocus,2387.0,0.0,39.78333333333333,0.0,2025-01-23 13:05:02,2025-01-23 13:44:49,
"LBF roadmap","General",rest,206.0,0.0,3.433333333333333,0.0,2025-01-23 13:01:36,2025-01-23 13:05:02,
"LBF roadmap","Immortality",partialFocus,3664.0,0.0,61.06666666666667,0.0,2025-01-23 12:00:30,2025-01-23 13:01:34,
"LBF roadmap","General",rest,153.0,0.0,2.55,0.0,2025-01-23 11:57:57,2025-01-23 12:00:30,
"LBF roadmap","Immortality",partialFocus,4912.0,444.0,81.86666666666666,7.4,2025-01-23 10:28:27,2025-01-23 11:57:43,
"LBF roadmap","General",rest,785.0,0.0,13.083333333333334,0.0,2025-01-23 10:15:22,2025-01-23 10:28:27,
"LBF roadmap","Immortality",partialFocus,5275.0,0.0,87.91666666666667,0.0,2025-01-23 08:47:24,2025-01-23 10:15:19,
"Planning","Daily",partialFocus,300.0,0.0,5.0,0.0,2025-01-22 23:45:03,2025-01-22 23:50:03,
"Obsidian","Optimization",partialFocus,2085.0,0.0,34.75,0.0,2025-01-22 23:09:42,2025-01-22 23:44:27,
"Obsidian","Optimization",partialFocus,1397.0,0.0,23.283333333333335,0.0,2025-01-22 22:45:56,2025-01-22 23:09:13,
"Shortcuts","Optimization",partialFocus,7939.0,0.0,132.31666666666666,0.0,2025-01-22 20:32:24,2025-01-22 22:44:43,
"Sort ideas","Immortality",partialFocus,2476.0,0.0,41.266666666666666,0.0,2025-01-22 19:50:18,2025-01-22 20:31:34,
"Sort ideas","General",rest,249.0,0.0,4.15,0.0,2025-01-22 19:46:09,2025-01-22 19:50:18,
"Sort ideas","Immortality",partialFocus,286.0,0.0,4.766666666666667,0.0,2025-01-22 19:40:21,2025-01-22 19:45:07,
"Sort ideas","General",rest,7200.0,0.0,120.0,0.0,2025-01-22 16:47:05,2025-01-22 18:47:05,
"Sort ideas","Immortality",partialFocus,3512.0,0.0,58.53333333333333,0.0,2025-01-22 15:48:19,2025-01-22 16:46:51,
"Sort ideas","General",rest,1200.0,0.0,20.0,0.0,2025-01-22 15:28:19,2025-01-22 15:48:19,
"Sort ideas","Immortality",partialFocus,340.0,0.0,5.666666666666667,0.0,2025-01-22 15:22:36,2025-01-22 15:28:16,
"Sort ideas","Immortality",partialFocus,4786.0,221.0,79.76666666666667,3.683333333333333,2025-01-22 13:58:52,2025-01-22 15:22:19,
"Sort ideas","General",rest,840.0,0.0,14.0,0.0,2025-01-22 13:44:52,2025-01-22 13:58:52,
"Sort ideas","Immortality",partialFocus,1507.0,0.0,25.116666666666667,0.0,2025-01-22 13:19:42,2025-01-22 13:44:49,
"Planning","Daily",partialFocus,2239.0,178.0,37.31666666666667,2.966666666666667,2025-01-22 12:38:33,2025-01-22 13:18:50,
"Goal setting","General",rest,226.0,0.0,3.7666666666666666,0.0,2025-01-22 12:34:47,2025-01-22 12:38:33,
"Goal setting","Purpose",partialFocus,5114.0,186.0,85.23333333333333,3.1,2025-01-22 11:06:20,2025-01-22 12:34:40,
"Goal setting","General",rest,122.0,0.0,2.033333333333333,0.0,2025-01-22 11:04:18,2025-01-22 11:06:20,
"Planning","Daily",partialFocus,2140.0,0.0,35.666666666666664,0.0,2025-01-22 10:28:35,2025-01-22 11:04:15,
"+k Critical and Scientific thinking","CSAI",partialFocus,6489.0,0.0,108.15,0.0,2025-01-22 08:30:03,2025-01-22 10:18:12,
"Planning","General",rest,7200.0,0.0,120.0,0.0,2025-01-21 23:24:43,2025-01-22 01:24:43,
"Planning","Daily",partialFocus,445.0,0.0,7.416666666666667,0.0,2025-01-21 23:17:16,2025-01-21 23:24:41,
"Anki","Anki",partialFocus,4396.0,0.0,73.26666666666667,0.0,2025-01-21 22:03:37,2025-01-21 23:16:53,
"+k Critical and Scientific thinking","CSAI",partialFocus,4858.0,0.0,80.96666666666667,0.0,2025-01-21 20:42:33,2025-01-21 22:03:31,
"+k Critical and Scientific thinking","General",rest,833.0,0.0,13.883333333333333,0.0,2025-01-21 20:28:40,2025-01-21 20:42:33,
"+k Critical and Scientific thinking","CSAI",partialFocus,3984.0,0.0,66.4,0.0,2025-01-21 19:22:11,2025-01-21 20:28:35,
"+k Critical and Scientific thinking","General",rest,6382.0,0.0,106.36666666666666,0.0,2025-01-21 17:35:49,2025-01-21 19:22:11,
"+k Critical and Scientific thinking","CSAI",partialFocus,1384.0,257.0,23.066666666666666,4.283333333333333,2025-01-21 17:08:08,2025-01-21 17:35:29,
"+k Critical and Scientific thinking","General",rest,210.0,0.0,3.5,0.0,2025-01-21 17:04:38,2025-01-21 17:08:08,
"+k Critical and Scientific thinking","CSAI",partialFocus,5274.0,0.0,87.9,0.0,2025-01-21 15:36:26,2025-01-21 17:04:20,
"+k Critical and Scientific thinking","General",rest,1147.0,0.0,19.116666666666667,0.0,2025-01-21 15:17:19,2025-01-21 15:36:26,
"+k Critical and Scientific thinking","CSAI",partialFocus,1857.0,0.0,30.95,0.0,2025-01-21 14:46:20,2025-01-21 15:17:17,
"Shortcuts","Optimization",partialFocus,1348.0,0.0,22.466666666666665,0.0,2025-01-21 14:20:39,2025-01-21 14:43:07,
"+k Critical and Scientific thinking","CSAI",partialFocus,1291.0,0.0,21.516666666666666,0.0,2025-01-21 13:58:45,2025-01-21 14:20:16,
"Obsidian","Optimization",partialFocus,1686.0,0.0,28.1,0.0,2025-01-21 13:30:32,2025-01-21 13:58:38,
"+k Critical and Scientific thinking","CSAI",partialFocus,7839.0,737.0,130.65,12.283333333333333,2025-01-21 11:07:27,2025-01-21 13:30:23,
"+k Critical and Scientific thinking","General",rest,309.0,0.0,5.15,0.0,2025-01-21 11:02:18,2025-01-21 11:07:27,
"+k Critical and Scientific thinking","CSAI",partialFocus,6483.0,0.0,108.05,0.0,2025-01-21 09:14:09,2025-01-21 11:02:12,
"Anki","General",rest,7200.0,0.0,120.0,0.0,2025-01-20 23:43:24,2025-01-21 01:43:24,
"Anki","Anki",partialFocus,3479.0,0.0,57.983333333333334,0.0,2025-01-20 22:45:23,2025-01-20 23:43:22,
"+k Critical and Scientific thinking","General",rest,592.0,0.0,9.866666666666667,0.0,2025-01-20 22:23:11,2025-01-20 22:33:03,
"Inbox","Inbox",partialFocus,1506.0,0.0,25.1,0.0,2025-01-20 22:20:03,2025-01-20 22:45:09,
"+k Critical and Scientific thinking","CSAI",partialFocus,1996.0,0.0,33.266666666666666,0.0,2025-01-20 21:49:52,2025-01-20 22:23:08,
"+k Critical and Scientific thinking","General",rest,430.0,0.0,7.166666666666667,0.0,2025-01-20 21:42:42,2025-01-20 21:49:52,
"+k Critical and Scientific thinking","CSAI",partialFocus,3378.0,0.0,56.3,0.0,2025-01-20 20:46:11,2025-01-20 21:42:29,
"+k Critical and Scientific thinking","General",rest,758.0,0.0,12.633333333333333,0.0,2025-01-20 20:33:33,2025-01-20 20:46:11,
"+k Critical and Scientific thinking","CSAI",partialFocus,5231.0,402.0,87.18333333333334,6.7,2025-01-20 18:59:36,2025-01-20 20:33:29,
"+k Critical and Scientific thinking","General",rest,7200.0,0.0,120.0,0.0,2025-01-20 16:00:20,2025-01-20 18:00:20,
"+k Critical and Scientific thinking","CSAI",partialFocus,2305.0,0.0,38.416666666666664,0.0,2025-01-20 15:21:50,2025-01-20 16:00:15,
"Shortcuts","Optimization",fullFocus,2888.0,0.0,48.13333333333333,0.0,2025-01-20 14:27:15,2025-01-20 15:15:23,
"+k Critical and Scientific thinking","CSAI",partialFocus,3505.0,0.0,58.416666666666664,0.0,2025-01-20 13:28:44,2025-01-20 14:27:09,
"Inbox","Inbox",partialFocus,341.0,0.0,5.683333333333334,0.0,2025-01-20 13:22:49,2025-01-20 13:28:30,
"+k Critical and Scientific thinking","General",rest,1032.0,0.0,17.2,0.0,2025-01-20 13:05:37,2025-01-20 13:22:49,
"+k Critical and Scientific thinking","CSAI",partialFocus,6678.0,163.0,111.3,2.716666666666667,2025-01-20 11:11:29,2025-01-20 13:05:30,
"Intro to AI 1","CSAI",partialFocus,9000.0,0.0,150.0,0.0,2025-01-20 08:30:00,2025-01-20 11:00:00,
"Intro to AI 1","CSAI",partialFocus,963.0,0.0,16.05,0.0,2025-01-19 23:33:22,2025-01-19 23:49:25,
"Intro to AI 1","General",rest,488.0,0.0,8.133333333333333,0.0,2025-01-19 23:25:14,2025-01-19 23:33:22,
"Intro to AI 1","CSAI",fullFocus,3444.0,0.0,57.4,0.0,2025-01-19 22:27:45,2025-01-19 23:25:09,
"Intro to AI 1","General",rest,1245.0,0.0,20.75,0.0,2025-01-19 22:07:00,2025-01-19 22:27:45,
"Intro to AI 1","CSAI",fullFocus,8513.0,0.0,141.88333333333333,0.0,2025-01-19 19:44:59,2025-01-19 22:06:52,
"Intro to AI 1","CSAI",partialFocus,5647.0,0.0,94.11666666666666,0.0,2025-01-19 15:06:43,2025-01-19 16:40:50,
"Intro to AI 1","General",rest,1337.0,0.0,22.283333333333335,0.0,2025-01-19 14:44:26,2025-01-19 15:06:43,
"Intro to AI 1","CSAI",partialFocus,3200.0,0.0,53.333333333333336,0.0,2025-01-19 13:50:54,2025-01-19 14:44:14,
"Intro to AI 1","General",rest,817.0,0.0,13.616666666666667,0.0,2025-01-19 13:37:17,2025-01-19 13:50:54,
"Intro to AI 1","CSAI",partialFocus,9334.0,0.0,155.56666666666666,0.0,2025-01-19 10:49:29,2025-01-19 13:25:03,
"Intro to AI 1","General",rest,127.0,0.0,2.1166666666666667,0.0,2025-01-19 10:47:22,2025-01-19 10:49:29,
"Shortcuts","Optimization",endEarly,4151.0,0.0,69.18333333333334,0.0,2025-01-19 09:26:24,2025-01-19 10:35:35,
"Shortcuts","General",rest,744.0,0.0,12.4,0.0,2025-01-19 09:14:00,2025-01-19 09:26:24,
"Shortcuts","Optimization",partialFocus,2358.0,0.0,39.3,0.0,2025-01-19 08:34:11,2025-01-19 09:13:29,
"Planning","General",rest,7200.0,0.0,120.0,0.0,2025-01-18 23:42:37,2025-01-19 01:42:37,
"Planning","Daily",partialFocus,154.0,0.0,2.566666666666667,0.0,2025-01-18 23:40:01,2025-01-18 23:42:35,
"Anki","Anki",partialFocus,1514.0,0.0,25.233333333333334,0.0,2025-01-18 23:14:42,2025-01-18 23:39:56,
"+k Critical and Scientific thinking","CSAI",partialFocus,6908.0,0.0,115.13333333333334,0.0,2025-01-18 21:19:26,2025-01-18 23:14:34,
"+k Critical and Scientific thinking","General",rest,1743.0,0.0,29.05,0.0,2025-01-18 20:50:23,2025-01-18 21:19:26,
"+k Critical and Scientific thinking","CSAI",partialFocus,5478.0,0.0,91.3,0.0,2025-01-18 19:19:01,2025-01-18 20:50:19,
"CS50 Python","Learn_Coding",partialFocus,7796.0,0.0,129.93333333333334,0.0,2025-01-18 14:40:57,2025-01-18 16:50:53,
"CS50 Python","General",rest,934.0,0.0,15.566666666666666,0.0,2025-01-18 14:35:32,2025-01-18 14:51:06,
"CS50 Python","Learn_Coding",partialFocus,5062.0,0.0,84.36666666666666,0.0,2025-01-18 13:11:06,2025-01-18 14:35:28,
"Intro to AI 1","CSAI",partialFocus,2752.0,0.0,45.86666666666667,0.0,2025-01-18 12:24:42,2025-01-18 13:10:34,
"+k Critical and Scientific thinking","General",rest,5672.0,0.0,94.53333333333333,0.0,2025-01-18 10:50:10,2025-01-18 12:24:42,
"+k Critical and Scientific thinking","CSAI",fullFocus,5652.0,0.0,94.2,0.0,2025-01-18 09:15:17,2025-01-18 10:49:29,
"+k Critical and Scientific thinking","General",rest,515.0,0.0,8.583333333333334,0.0,2025-01-18 09:06:42,2025-01-18 09:15:17,
"+k Critical and Scientific thinking","CSAI",partialFocus,3891.0,0.0,64.85,0.0,2025-01-18 08:01:48,2025-01-18 09:06:39,
"Planning","General",rest,7200.0,0.0,120.0,0.0,2025-01-17 23:49:42,2025-01-18 01:49:42,
"Planning","Daily",partialFocus,276.0,0.0,4.6,0.0,2025-01-17 23:45:02,2025-01-17 23:49:38,
"Anki","Anki",partialFocus,1741.0,0.0,29.016666666666666,0.0,2025-01-17 23:15:46,2025-01-17 23:44:47,
"Anki","General",rest,311.0,0.0,5.183333333333334,0.0,2025-01-17 23:10:35,2025-01-17 23:15:46,
"+k Critical and Scientific thinking","CSAI",partialFocus,750.0,0.0,12.5,0.0,2025-01-17 22:58:04,2025-01-17 23:10:34,
"+k Critical and Scientific thinking","General",rest,848.0,0.0,14.133333333333333,0.0,2025-01-17 22:43:56,2025-01-17 22:58:04,
"+k Critical and Scientific thinking","CSAI",fullFocus,5815.0,0.0,96.91666666666667,0.0,2025-01-17 21:06:46,2025-01-17 22:43:41,
"Reflecting","Relationships",partialFocus,1870.0,0.0,31.166666666666668,0.0,2025-01-17 20:34:33,2025-01-17 21:05:43,
"+k Critical and Scientific thinking","General",rest,66.0,0.0,1.1,0.0,2025-01-17 20:33:27,2025-01-17 20:34:33,
"+k Critical and Scientific thinking","CSAI",partialFocus,2440.0,0.0,40.666666666666664,0.0,2025-01-17 19:52:22,2025-01-17 20:33:02,
"Planning","Daily",partialFocus,824.0,501.0,13.733333333333333,8.35,2025-01-17 19:29:39,2025-01-17 19:51:44,
"Intro to AI 1","General",rest,7200.0,0.0,120.0,0.0,2025-01-17 17:04:45,2025-01-17 19:04:45,
"Intro to AI 1","CSAI",fullFocus,7724.0,294.0,128.73333333333332,4.9,2025-01-17 14:51:00,2025-01-17 17:04:38,
"Intro to AI 1","General",rest,327.0,0.0,5.45,0.0,2025-01-17 14:45:33,2025-01-17 14:51:00,
"Intro to AI 1","CSAI",partialFocus,5882.0,132.0,98.03333333333333,2.2,2025-01-17 13:05:17,2025-01-17 14:45:31,
"Intro to AI 1","General",rest,717.0,0.0,11.95,0.0,2025-01-17 12:53:20,2025-01-17 13:05:17,
"Intro to AI 1","CSAI",partialFocus,6973.0,147.0,116.21666666666667,2.45,2025-01-17 10:54:36,2025-01-17 12:53:16,
"CS50 Python","Learn_Coding",partialFocus,1191.0,0.0,19.85,0.0,2025-01-17 10:34:20,2025-01-17 10:54:11,
"CS50 Python","General",rest,267.0,0.0,4.45,0.0,2025-01-17 10:29:53,2025-01-17 10:34:20,
"CS50 Python","Learn_Coding",partialFocus,5259.0,0.0,87.65,0.0,2025-01-17 09:02:11,2025-01-17 10:29:50,
"anki","CSAI",partialFocus,1528.0,0.0,25.466666666666665,0.0,2025-01-16 23:22:29,2025-01-16 23:47:57,
"+k Critical and Scientific thinking","CSAI",endEarly,5809.0,0.0,96.81666666666666,0.0,2025-01-16 21:45:04,2025-01-16 23:21:53,
"Other","Other",partialFocus,1305.0,0.0,21.75,0.0,2025-01-16 21:10:21,2025-01-16 21:32:06,
"Intro to AI 1","CSAI",partialFocus,6781.0,107.0,113.01666666666667,1.7833333333333334,2025-01-16 13:38:06,2025-01-16 15:32:54,
"Intro to AI 1","General",rest,1200.0,0.0,20.0,0.0,2025-01-16 13:18:06,2025-01-16 13:38:06,
"Intro to AI 1","CSAI",partialFocus,5034.0,0.0,83.9,0.0,2025-01-16 11:54:08,2025-01-16 13:18:02,
"CS50 Python","Learn_Coding",partialFocus,3477.0,0.0,57.95,0.0,2025-01-16 10:55:58,2025-01-16 11:53:55,
"CS50 Python","General",rest,997.0,0.0,16.616666666666667,0.0,2025-01-16 10:39:21,2025-01-16 10:55:58,
"CS50 Python","Learn_Coding",fullFocus,7319.0,124.0,121.98333333333333,2.066666666666667,2025-01-16 08:34:45,2025-01-16 10:38:48,
"anki","CSAI",partialFocus,2486.0,0.0,41.43333333333333,0.0,2025-01-15 23:00:55,2025-01-15 23:42:21,
"+k Critical and Scientific thinking","CSAI",partialFocus,464.0,0.0,7.733333333333333,0.0,2025-01-15 22:53:04,2025-01-15 23:00:48,
"+k Critical and Scientific thinking","General",rest,662.0,0.0,11.033333333333333,0.0,2025-01-15 22:42:02,2025-01-15 22:53:04,
"+k Critical and Scientific thinking","CSAI",partialFocus,2364.0,0.0,39.4,0.0,2025-01-15 22:02:35,2025-01-15 22:41:59,
"CS50 Python","Learn_Coding",partialFocus,4533.0,0.0,75.55,0.0,2025-01-15 20:34:39,2025-01-15 21:50:12,
"Planning","Daily",partialFocus,448.0,0.0,7.466666666666667,0.0,2025-01-15 20:26:59,2025-01-15 20:34:27,
"CS50 Python","General",rest,7200.0,0.0,120.0,0.0,2025-01-15 18:07:31,2025-01-15 20:07:31,
"CS50 Python","Learn_Coding",partialFocus,5705.0,0.0,95.08333333333333,0.0,2025-01-15 16:32:23,2025-01-15 18:07:28,
"CS50 Python","General",rest,1219.0,0.0,20.316666666666666,0.0,2025-01-15 16:12:04,2025-01-15 16:32:23,
"CS50 Python","Learn_Coding",partialFocus,5594.0,0.0,93.23333333333333,0.0,2025-01-15 14:38:46,2025-01-15 16:12:00,
"CS50 Python","General",rest,844.0,0.0,14.066666666666666,0.0,2025-01-15 14:24:42,2025-01-15 14:38:46,
"CS50 Python","Learn_Coding",partialFocus,4820.0,126.0,80.33333333333333,2.1,2025-01-15 13:02:10,2025-01-15 14:24:36,
"Shortcuts","Optimization",partialFocus,3638.0,105.0,60.63333333333333,1.75,2025-01-15 11:59:33,2025-01-15 13:01:56,
"Intro to AI 1","CSAI",partialFocus,4996.0,0.0,83.26666666666667,0.0,2025-01-15 10:36:12,2025-01-15 11:59:28,
"Other","Other",partialFocus,1219.0,0.0,20.316666666666666,0.0,2025-01-15 10:15:18,2025-01-15 10:35:37,
"Inbox","Inbox",partialFocus,1061.0,0.0,17.683333333333334,0.0,2025-01-15 09:55:21,2025-01-15 10:13:02,
"+k Intro to Programming","CSAI",partialFocus,4512.0,0.0,75.2,0.0,2025-01-15 08:29:17,2025-01-15 09:44:29,
"Anki","Anki",partialFocus,2428.0,0.0,40.46666666666667,0.0,2025-01-14 22:44:59,2025-01-14 23:25:27,
"+k Intro to Programming","CSAI",partialFocus,4296.0,0.0,71.6,0.0,2025-01-14 21:33:14,2025-01-14 22:44:50,
"CS50 Python","General",rest,1367.0,0.0,22.783333333333335,0.0,2025-01-14 21:10:27,2025-01-14 21:33:14,
"CS50 Python","Learn_Coding",partialFocus,1556.0,0.0,25.933333333333334,0.0,2025-01-14 20:44:28,2025-01-14 21:10:24,
"CS50 Python","General",rest,1583.0,0.0,26.383333333333333,0.0,2025-01-14 20:18:05,2025-01-14 20:44:28,
"CS50 Python","Learn_Coding",fullFocus,3695.0,0.0,61.583333333333336,0.0,2025-01-14 19:16:17,2025-01-14 20:17:52,
"Intro to AI 1","General",rest,5718.0,0.0,95.3,0.0,2025-01-14 17:40:59,2025-01-14 19:16:17,
"Intro to AI 1","CSAI",partialFocus,5107.0,0.0,85.11666666666666,0.0,2025-01-14 16:15:48,2025-01-14 17:40:55,
"Intro to AI 1","General",rest,1677.0,0.0,27.95,0.0,2025-01-14 15:47:51,2025-01-14 16:15:48,
"Intro to AI 1","CSAI",partialFocus,5602.0,131.0,93.36666666666666,2.183333333333333,2025-01-14 14:12:14,2025-01-14 15:47:47,
"Intro to AI 1","CSAI",partialFocus,6097.0,0.0,101.61666666666666,0.0,2025-01-14 12:18:28,2025-01-14 14:00:05,
"+k Intro to Programming","CSAI",partialFocus,3348.0,122.0,55.8,2.033333333333333,2025-01-14 10:56:45,2025-01-14 11:54:35,
"+k Intro to Programming","General",rest,209.0,0.0,3.4833333333333334,0.0,2025-01-14 10:53:16,2025-01-14 10:56:45,
"+k Intro to Programming","CSAI",partialFocus,6620.0,0.0,110.33333333333333,0.0,2025-01-14 09:02:53,2025-01-14 10:53:13,
"Anki","Anki",partialFocus,2228.0,0.0,37.13333333333333,0.0,2025-01-13 23:00:25,2025-01-13 23:37:33,
"+k Critical and Scientific thinking","CSAI",partialFocus,4622.0,0.0,77.03333333333333,0.0,2025-01-13 21:43:56,2025-01-13 23:00:58,
"+k Intro to Programming","CSAI",partialFocus,3456.0,972.0,57.6,16.2,2025-01-13 20:30:04,2025-01-13 21:43:52,
"Intro to AI 1","CSAI",partialFocus,768.0,0.0,12.8,0.0,2025-01-13 20:17:11,2025-01-13 20:29:59,
"Inbox","Inbox",partialFocus,3981.0,0.0,66.35,0.0,2025-01-13 16:10:32,2025-01-13 17:16:53,
"Intro to AI 1","CSAI",partialFocus,1307.0,0.0,21.783333333333335,0.0,2025-01-13 15:43:15,2025-01-13 16:05:02,
"Intro to AI 1","General",rest,1430.0,0.0,23.833333333333332,0.0,2025-01-13 15:19:25,2025-01-13 15:43:15,
"Intro to AI 1","CSAI",partialFocus,1204.0,0.0,20.066666666666666,0.0,2025-01-13 14:59:19,2025-01-13 15:19:23,
"+k Intro to Programming","CSAI",partialFocus,3048.0,0.0,50.8,0.0,2025-01-13 14:08:21,2025-01-13 14:59:09,
"+k Intro to Programming","General",rest,1009.0,0.0,16.816666666666666,0.0,2025-01-13 13:51:32,2025-01-13 14:08:21,
"+k Intro to Programming","CSAI",partialFocus,2208.0,0.0,36.8,0.0,2025-01-13 13:14:42,2025-01-13 13:51:30,
"+k Intro to Programming","CSAI",partialFocus,2637.0,0.0,43.95,0.0,2025-01-13 12:30:19,2025-01-13 13:14:16,
"Keyboard","General",partialFocus,7771.0,127.0,129.51666666666668,2.1166666666666667,2025-01-13 09:44:17,2025-01-13 11:55:55,
"+k Intro to Programming","CSAI",partialFocus,4103.0,125.0,68.38333333333334,2.0833333333333335,2025-01-13 08:33:27,2025-01-13 09:43:55,
"Anki","Anki",partialFocus,1825.0,0.0,30.416666666666668,0.0,2025-01-12 22:56:01,2025-01-12 23:26:26,
"+k Critical and Scientific thinking","CSAI",partialFocus,7807.0,0.0,130.11666666666667,0.0,2025-01-12 20:35:22,2025-01-12 22:45:29,
"+k Critical and Scientific thinking","General",rest,79.0,0.0,1.3166666666666667,0.0,2025-01-12 20:34:03,2025-01-12 20:35:22,
"Intro to AI 1","CSAI",partialFocus,3463.0,0.0,57.71666666666667,0.0,2025-01-12 19:36:15,2025-01-12 20:33:58,
"+k Intro to Programming","General",rest,1095.0,0.0,18.25,0.0,2025-01-12 19:18:00,2025-01-12 19:36:15,
"+k Intro to Programming","CSAI",partialFocus,4304.0,0.0,71.73333333333333,0.0,2025-01-12 18:06:14,2025-01-12 19:17:58,
"+k Intro to Programming","General",rest,974.0,0.0,16.233333333333334,0.0,2025-01-12 17:50:00,2025-01-12 18:06:14,
"+k Intro to Programming","CSAI",partialFocus,5893.0,0.0,98.21666666666667,0.0,2025-01-12 16:11:45,2025-01-12 17:49:58,
"+k Intro to Programming","General",rest,6419.0,0.0,106.98333333333333,0.0,2025-01-12 14:24:46,2025-01-12 16:11:45,
"+k Intro to Programming","CSAI",partialFocus,614.0,0.0,10.233333333333333,0.0,2025-01-12 14:14:30,2025-01-12 14:24:44,
"+k Intro to Programming","General",rest,4313.0,0.0,71.88333333333334,0.0,2025-01-12 13:02:37,2025-01-12 14:14:30,
"+k Intro to Programming","CSAI",partialFocus,796.0,0.0,13.266666666666667,0.0,2025-01-12 12:30:09,2025-01-12 12:43:25,
"+k Intro to Programming","General",rest,723.0,0.0,12.05,0.0,2025-01-12 12:18:06,2025-01-12 12:30:09,
"+k Intro to Programming","CSAI",partialFocus,4825.0,0.0,80.41666666666667,0.0,2025-01-12 10:57:38,2025-01-12 12:18:03,
"Inbox","General",rest,415.0,0.0,6.916666666666667,0.0,2025-01-12 10:50:43,2025-01-12 10:57:38,
"Inbox","Inbox",partialFocus,1509.0,0.0,25.15,0.0,2025-01-12 10:25:31,2025-01-12 10:50:40,
"Inbox","General",rest,1522.0,0.0,25.366666666666667,0.0,2025-01-12 10:25:09,2025-01-12 10:50:31,
"+k Intro to Programming","CSAI",partialFocus,3607.0,0.0,60.11666666666667,0.0,2025-01-12 09:10:51,2025-01-12 10:10:58,
"+k Intro to Programming","General",rest,7200.0,0.0,120.0,0.0,2025-01-11 18:35:16,2025-01-11 20:35:16,
"+k Intro to Programming","CSAI",partialFocus,2383.0,0.0,39.71666666666667,0.0,2025-01-11 17:55:31,2025-01-11 18:35:14,
"Other","Other",partialFocus,14363.0,0.0,239.38333333333333,0.0,2025-01-11 13:55:40,2025-01-11 17:55:03,
"Other","General",rest,7200.0,0.0,120.0,0.0,2025-01-11 11:41:35,2025-01-11 13:41:35,
"Other","Other",partialFocus,4336.0,0.0,72.26666666666667,0.0,2025-01-11 10:29:17,2025-01-11 11:41:33,
"Anki","Anki",partialFocus,5477.0,0.0,91.28333333333333,0.0,2025-01-11 08:57:25,2025-01-11 10:28:42,
"Anki","Anki",partialFocus,2811.0,0.0,46.85,0.0,2025-01-10 22:46:31,2025-01-10 23:33:22,
"+k Critical and Scientific thinking","General",rest,1041.0,0.0,17.35,0.0,2025-01-10 22:29:10,2025-01-10 22:46:31,
"+k Critical and Scientific thinking","CSAI",partialFocus,1604.0,0.0,26.733333333333334,0.0,2025-01-10 22:02:24,2025-01-10 22:29:08,
"+k Critical and Scientific thinking","CSAI",partialFocus,6307.0,0.0,105.11666666666666,0.0,2025-01-10 15:42:59,2025-01-10 17:28:06,
"+k Critical and Scientific thinking","General",rest,1559.0,0.0,25.983333333333334,0.0,2025-01-10 15:17:00,2025-01-10 15:42:59,
"+k Critical and Scientific thinking","CSAI",partialFocus,6298.0,0.0,104.96666666666667,0.0,2025-01-10 13:31:59,2025-01-10 15:16:57,
"Intro to AI 1","CSAI",partialFocus,3343.0,0.0,55.71666666666667,0.0,2025-01-10 12:36:03,2025-01-10 13:31:46,
"Intro to AI 1","General",rest,1867.0,0.0,31.116666666666667,0.0,2025-01-10 12:04:56,2025-01-10 12:36:03,
"Intro to AI 1","CSAI",partialFocus,2239.0,0.0,37.31666666666667,0.0,2025-01-10 11:27:33,2025-01-10 12:04:52,
"+k Intro to Programming","CSAI",partialFocus,8228.0,0.0,137.13333333333333,0.0,2025-01-10 09:10:19,2025-01-10 11:27:27,
"Anki","Anki",partialFocus,4273.0,0.0,71.21666666666667,0.0,2025-01-09 22:30:23,2025-01-09 23:41:36,
"+k Critical and Scientific thinking","CSAI",partialFocus,4737.0,0.0,78.95,0.0,2025-01-09 21:06:53,2025-01-09 22:25:50,
"+k Critical and Scientific thinking","CSAI",partialFocus,3979.0,0.0,66.31666666666666,0.0,2025-01-09 15:33:22,2025-01-09 16:39:41,
"+k Critical and Scientific thinking","General",rest,1468.0,0.0,24.466666666666665,0.0,2025-01-09 15:08:54,2025-01-09 15:33:22,
"+k Critical and Scientific thinking","CSAI",partialFocus,3579.0,0.0,59.65,0.0,2025-01-09 14:09:12,2025-01-09 15:08:51,
"+k Critical and Scientific thinking","General",rest,888.0,0.0,14.8,0.0,2025-01-09 13:54:24,2025-01-09 14:09:12,
"+k Critical and Scientific thinking","CSAI",partialFocus,1098.0,0.0,18.3,0.0,2025-01-09 13:36:04,2025-01-09 13:54:22,
"+k Critical and Scientific thinking","General",rest,796.0,0.0,13.266666666666667,0.0,2025-01-09 13:35:48,2025-01-09 13:49:04,
"+k Intro to Programming","CSAI",partialFocus,2284.0,0.0,38.06666666666667,0.0,2025-01-09 12:57:37,2025-01-09 13:35:41,
"+k Intro to Programming","General",rest,3530.0,0.0,58.833333333333336,0.0,2025-01-09 11:58:47,2025-01-09 12:57:37,
"+k Intro to Programming","CSAI",partialFocus,775.0,0.0,12.916666666666666,0.0,2025-01-09 11:45:50,2025-01-09 11:58:45,
"+k Intro to Programming","CSAI",partialFocus,3182.0,0.0,53.03333333333333,0.0,2025-01-09 10:52:09,2025-01-09 11:45:11,
"+k Intro to Programming","General",rest,142.0,0.0,2.3666666666666667,0.0,2025-01-09 10:49:46,2025-01-09 10:52:08,
"+k Intro to Programming","CSAI",partialFocus,6826.0,0.0,113.76666666666667,0.0,2025-01-09 08:55:58,2025-01-09 10:49:44,
"Anki","Anki",partialFocus,2125.0,0.0,35.416666666666664,0.0,2025-01-08 22:59:42,2025-01-08 23:35:07,
"+k Critical and Scientific thinking","CSAI",partialFocus,2602.0,0.0,43.36666666666667,0.0,2025-01-08 22:16:20,2025-01-08 22:59:42,
"Thinking about life decisions","General",partialFocus,5782.0,0.0,96.36666666666666,0.0,2025-01-08 15:11:28,2025-01-08 16:47:50,
"Thinking about life decisions","General",rest,1446.0,0.0,24.1,0.0,2025-01-08 14:47:22,2025-01-08 15:11:28,
"+k Intro to Programming","CSAI",partialFocus,6831.0,0.0,113.85,0.0,2025-01-08 12:53:28,2025-01-08 14:47:19,
"+k Intro to Programming","General",rest,598.0,0.0,9.966666666666667,0.0,2025-01-08 12:43:30,2025-01-08 12:53:28,
"+k Intro to Programming","CSAI",partialFocus,4271.0,0.0,71.18333333333334,0.0,2025-01-08 11:32:17,2025-01-08 12:43:28,
"+k Critical and Scientific thinking","CSAI",partialFocus,5789.0,0.0,96.48333333333333,0.0,2025-01-07 21:29:27,2025-01-07 23:05:56,
"Inbox","Inbox",partialFocus,1336.0,0.0,22.266666666666666,0.0,2025-01-07 21:06:57,2025-01-07 21:29:13,
"Intro to AI 1","CSAI",partialFocus,2052.0,0.0,34.2,0.0,2025-01-07 20:31:28,2025-01-07 21:05:40,
"Inbox","Inbox",partialFocus,2465.0,0.0,41.083333333333336,0.0,2025-01-07 19:49:58,2025-01-07 20:31:03,
"Intro to AI 1","General",rest,7200.0,0.0,120.0,0.0,2025-01-07 17:21:01,2025-01-07 19:21:01,
"Intro to AI 1","CSAI",partialFocus,3699.0,0.0,61.65,0.0,2025-01-07 16:19:19,2025-01-07 17:20:58,
"Intro to AI 1","General",rest,800.0,0.0,13.333333333333334,0.0,2025-01-07 16:05:59,2025-01-07 16:19:19,
"Intro to AI 1","CSAI",partialFocus,4708.0,0.0,78.46666666666667,0.0,2025-01-07 14:47:29,2025-01-07 16:05:57,
"Intro to AI 1","General",rest,1935.0,0.0,32.25,0.0,2025-01-07 14:15:14,2025-01-07 14:47:29,
"Intro to AI 1","CSAI",partialFocus,3235.0,0.0,53.916666666666664,0.0,2025-01-07 13:21:16,2025-01-07 14:15:11,
"Planning","Daily",partialFocus,1061.0,0.0,17.683333333333334,0.0,2025-01-07 13:03:26,2025-01-07 13:21:07,
"+k Intro to Programming","General",rest,1234.0,0.0,20.566666666666666,0.0,2025-01-07 12:42:52,2025-01-07 13:03:26,
"+k Intro to Programming","CSAI",partialFocus,6822.0,0.0,113.7,0.0,2025-01-07 10:49:07,2025-01-07 12:42:49,
"+k Intro to Programming","General",rest,710.0,0.0,11.833333333333334,0.0,2025-01-07 10:37:17,2025-01-07 10:49:07,
"+k Intro to Programming","CSAI",partialFocus,5294.0,0.0,88.23333333333333,0.0,2025-01-07 09:09:01,2025-01-07 10:37:15,
"Anki","Anki",partialFocus,2467.0,0.0,41.11666666666667,0.0,2025-01-06 23:05:27,2025-01-06 23:46:34,
"Anki","General",rest,917.0,0.0,15.283333333333333,0.0,2025-01-06 22:50:10,2025-01-06 23:05:27,
"+k Intro to Programming","CSAI",partialFocus,2727.0,0.0,45.45,0.0,2025-01-06 22:04:40,2025-01-06 22:50:07,
"+k Intro to Programming","General",rest,1604.0,0.0,26.733333333333334,0.0,2025-01-06 21:37:56,2025-01-06 22:04:40,
"+k Intro to Programming","CSAI",partialFocus,2824.0,0.0,47.06666666666667,0.0,2025-01-06 20:50:49,2025-01-06 21:37:53,
"+k Intro to Programming","General",rest,2360.0,0.0,39.333333333333336,0.0,2025-01-06 20:11:29,2025-01-06 20:50:49,
"+k Intro to Programming","CSAI",partialFocus,3560.0,0.0,59.333333333333336,0.0,2025-01-06 19:12:06,2025-01-06 20:11:26,
"+k Intro to Programming","General",rest,7059.0,0.0,117.65,0.0,2025-01-06 17:14:27,2025-01-06 19:12:06,
"+k Intro to Programming","CSAI",partialFocus,1251.0,0.0,20.85,0.0,2025-01-06 16:53:33,2025-01-06 17:14:24,
"+k Intro to Programming","General",rest,1785.0,0.0,29.75,0.0,2025-01-06 16:23:48,2025-01-06 16:53:33,
"+k Intro to Programming","CSAI",partialFocus,6030.0,0.0,100.5,0.0,2025-01-06 14:43:14,2025-01-06 16:23:44,
"+k Intro to Programming","General",rest,3745.0,0.0,62.416666666666664,0.0,2025-01-06 13:40:49,2025-01-06 14:43:14,
"+k Intro to Programming","CSAI",partialFocus,4559.0,0.0,75.98333333333333,0.0,2025-01-06 12:24:46,2025-01-06 13:40:45,
"Biological Psychology","CSAI",partialFocus,4009.0,0.0,66.81666666666666,0.0,2025-01-06 08:35:06,2025-01-06 09:41:55,
"Anki","Anki",partialFocus,6829.0,548.0,113.81666666666666,9.133333333333333,2025-01-05 21:37:33,2025-01-05 23:40:30,
"+k Intro to Programming","CSAI",partialFocus,2616.0,0.0,43.6,0.0,2025-01-05 20:19:39,2025-01-05 21:03:15,
"Biological Psychology","CSAI",partialFocus,2482.0,0.0,41.36666666666667,0.0,2025-01-05 18:55:36,2025-01-05 19:36:58,
"Biological Psychology","General",rest,4674.0,0.0,77.9,0.0,2025-01-05 17:37:42,2025-01-05 18:55:36,
"Biological Psychology","CSAI",partialFocus,7830.0,0.0,130.5,0.0,2025-01-05 15:27:09,2025-01-05 17:37:39,
"Biological Psychology","General",rest,5643.0,0.0,94.05,0.0,2025-01-05 13:53:06,2025-01-05 15:27:09,
"Biological Psychology","CSAI",partialFocus,5676.0,0.0,94.6,0.0,2025-01-05 12:18:25,2025-01-05 13:53:01,
"Biological Psychology","General",rest,716.0,0.0,11.933333333333334,0.0,2025-01-05 12:06:29,2025-01-05 12:18:25,
"Biological Psychology","CSAI",partialFocus,5229.0,0.0,87.15,0.0,2025-01-05 10:39:17,2025-01-05 12:06:26,
"Anki","General",rest,71.0,0.0,1.1833333333333333,0.0,2025-01-05 10:38:06,2025-01-05 10:39:17,
"Anki","Anki",partialFocus,4761.0,0.0,79.35,0.0,2025-01-05 09:18:41,2025-01-05 10:38:02,
"Anki","Anki",partialFocus,4933.0,0.0,82.21666666666667,0.0,2025-01-04 22:20:43,2025-01-04 23:42:56,
"+k Intro to Programming","CSAI",partialFocus,1925.0,0.0,32.083333333333336,0.0,2025-01-04 21:28:00,2025-01-04 22:00:05,
"Biological Psychology","General",rest,1564.0,0.0,26.066666666666666,0.0,2025-01-04 21:01:56,2025-01-04 21:28:00,
"Biological Psychology","CSAI",partialFocus,6628.0,0.0,110.46666666666667,0.0,2025-01-04 19:11:18,2025-01-04 21:01:46,
"Biological Psychology","CSAI",partialFocus,942.0,0.0,15.7,0.0,2025-01-04 18:34:20,2025-01-04 18:50:02,
"Biological Psychology","General",rest,5006.0,0.0,83.43333333333334,0.0,2025-01-04 17:10:54,2025-01-04 18:34:20,
"Biological Psychology","CSAI",partialFocus,9951.0,0.0,165.85,0.0,2025-01-04 14:25:01,2025-01-04 17:10:52,
"Biological Psychology","General",rest,7200.0,0.0,120.0,0.0,2025-01-04 11:55:39,2025-01-04 13:55:39,
"Biological Psychology","CSAI",partialFocus,4447.0,0.0,74.11666666666666,0.0,2025-01-04 10:41:30,2025-01-04 11:55:37,
"Biological Psychology","CSAI",partialFocus,4422.0,0.0,73.7,0.0,2025-01-04 09:06:39,2025-01-04 10:20:21,
"Anki","Anki",partialFocus,5031.0,0.0,83.85,0.0,2025-01-03 22:21:26,2025-01-03 23:45:17,
"Biological Psychology","CSAI",partialFocus,1654.0,0.0,27.566666666666666,0.0,2025-01-03 21:53:47,2025-01-03 22:21:21,
"CS50 Python","Learn_Coding",partialFocus,3739.0,0.0,62.31666666666667,0.0,2025-01-03 20:16:17,2025-01-03 21:18:36,
"CS50 Python","General",rest,1105.0,0.0,18.416666666666668,0.0,2025-01-03 19:57:52,2025-01-03 20:16:17,
"CS50 Python","Learn_Coding",partialFocus,4244.0,0.0,70.73333333333333,0.0,2025-01-03 18:47:01,2025-01-03 19:57:45,
"CS50 Python","General",rest,3253.0,0.0,54.21666666666667,0.0,2025-01-03 17:52:48,2025-01-03 18:47:01,
"CS50 Python","Learn_Coding",partialFocus,6626.0,0.0,110.43333333333334,0.0,2025-01-03 16:02:14,2025-01-03 17:52:40,
"Biological Psychology","General",rest,2141.0,0.0,35.68333333333333,0.0,2025-01-03 15:26:33,2025-01-03 16:02:14,
"Biological Psychology","CSAI",partialFocus,5512.0,0.0,91.86666666666666,0.0,2025-01-03 13:54:39,2025-01-03 15:26:31,
"Other","Other",partialFocus,3215.0,0.0,53.583333333333336,0.0,2025-01-03 13:00:59,2025-01-03 13:54:34,
"Other","General",rest,2851.0,0.0,47.516666666666666,0.0,2025-01-03 12:27:28,2025-01-03 13:14:59,
"Biological Psychology","CSAI",partialFocus,5658.0,0.0,94.3,0.0,2025-01-03 10:53:05,2025-01-03 12:27:23,
"Biological Psychology","CSAI",partialFocus,2628.0,0.0,43.8,0.0,2025-01-03 08:59:22,2025-01-03 09:43:10,
"Anki","Anki",partialFocus,3792.0,0.0,63.2,0.0,2025-01-02 22:50:51,2025-01-02 23:54:03,
"Biological Psychology","CSAI",partialFocus,1471.0,0.0,24.516666666666666,0.0,2025-01-02 21:42:03,2025-01-02 22:06:34,
"Biological Psychology","General",rest,1662.0,0.0,27.7,0.0,2025-01-02 21:14:21,2025-01-02 21:42:03,
"Biological Psychology","CSAI",partialFocus,4054.0,0.0,67.56666666666666,0.0,2025-01-02 20:06:42,2025-01-02 21:14:16,
"Anki","Anki",partialFocus,5519.0,0.0,91.98333333333333,0.0,2025-01-02 18:33:51,2025-01-02 20:05:50,
"Anki","General",rest,7200.0,0.0,120.0,0.0,2025-01-02 16:16:11,2025-01-02 18:16:11,
"Anki","Anki",partialFocus,3439.0,0.0,57.31666666666667,0.0,2025-01-02 15:18:49,2025-01-02 16:16:08,
"Help Laurence get Brand name","Other",partialFocus,12607.0,0.0,210.11666666666667,0.0,2025-01-02 10:55:11,2025-01-02 14:25:18,
"CS50 Python","Learn_Coding",partialFocus,11858.0,0.0,197.63333333333333,0.0,2025-01-01 20:40:54,2025-01-01 23:58:32,
"Biological Psychology","CSAI",partialFocus,4245.0,0.0,70.75,0.0,2025-01-01 19:29:54,2025-01-01 20:40:39,
"Biological Psychology","General",rest,2536.0,0.0,42.266666666666666,0.0,2025-01-01 18:47:38,2025-01-01 19:29:54,
"Biological Psychology","CSAI",partialFocus,6242.0,0.0,104.03333333333333,0.0,2025-01-01 17:03:33,2025-01-01 18:47:35,
"Biological Psychology","General",rest,516.0,0.0,8.6,0.0,2025-01-01 16:54:57,2025-01-01 17:03:33,
"Biological Psychology","CSAI",partialFocus,5586.0,0.0,93.1,0.0,2025-01-01 15:21:33,2025-01-01 16:54:39,
"CS50 Python","General",rest,1374.0,0.0,22.9,0.0,2025-01-01 14:58:39,2025-01-01 15:21:33,
"CS50 Python","Learn_Coding",partialFocus,5283.0,0.0,88.05,0.0,2025-01-01 13:30:30,2025-01-01 14:58:33,
"Anki","General",rest,2907.0,0.0,48.45,0.0,2025-01-01 12:42:03,2025-01-01 13:30:30,
"Anki","Anki",partialFocus,4952.0,0.0,82.53333333333333,0.0,2025-01-01 11:19:17,2025-01-01 12:41:49,
"Biological Psychology","CSAI",partialFocus,1968.0,0.0,32.8,0.0,2025-01-01 10:46:15,2025-01-01 11:19:03,
"Anki","Anki",partialFocus,1841.0,0.0,30.683333333333334,0.0,2025-01-01 10:15:20,2025-01-01 10:46:01,
"Biological Psychology","General",rest,128.0,0.0,2.1333333333333333,0.0,2025-01-01 10:13:12,2025-01-01 10:15:20,
"Biological Psychology","CSAI",partialFocus,3588.0,0.0,59.8,0.0,2025-01-01 09:13:07,2025-01-01 10:12:55,
